transform,n,mean_stability_exact,mean_stability_jaccard,mean_delta_tokens,delta_accuracy
identity,6,0.6666666666666666,0.7807017543859649,0.0,0.0
numerals_arabic,6,0.8333333333333334,0.8333333333333334,0.16666666666666666,0.0
punct_ascii,6,1.0,1.0,0.0,0.0
punct_fullwidth,6,0.6666666666666666,0.7583333333333333,0.0,0.0
to_simplified,6,0.8333333333333334,0.8333333333333334,0.0,0.0
to_traditional,6,0.5,0.7251461988304094,1.0,0.0
