language,budget,examples_fit_mean,accuracy,cost_per_correct,n_queries,tokens_in,tokens_out
en,512,11.8,0.82,8.816341463414636e-05,50,23626,118
en,1024,22.0,0.82,0.0001741682926829,50,47150,114
en,2048,32.0,0.84,0.0002588571428571,50,72000,120
zh,512,6.44,0.78,6.573846153846152e-05,50,16392,175
zh,1024,17.72,0.8,0.00012936,50,33804,173
zh,2048,29.5,0.76,0.0002699407894736,50,67645,185
