term,coef,p_value,regularized
const,-4.595119850134583,4.82891451240654e-06,False
same_radical,3.405535783260746,0.0010059522428246,False
same_token,1.1895840668738369,0.0801297449611903,False
