added_tokens,mean_en_tokens,mean_zh_tokens,mean_TP
0,28.265,29.76,1.049408030898777
1000,28.265,26.425,0.9325691673070752
4960,28.265,23.98,0.8453048102968878
4960,28.265,23.98,0.8453048102968878
