added_tokens,mean_en_tokens,mean_zh_tokens,mean_TP
0,28.265,29.76,1.049408030898777
326,28.265,31.71,1.1177745827859291
326,28.265,31.71,1.1177745827859291
326,28.265,31.71,1.1177745827859291
