same_radical,same_token,n,accuracy,p_pred_yes
0,0,100,0.99,0.01
1,0,90,0.23333333333333334,0.23333333333333334
1,1,10,0.5,0.5
