term,coef,p_value,regularized
const,-4.595119850134583,4.82891451240654e-06,False
same_radical,3.405535783260746,0.001005952242824694,False
same_token,1.1895840668738367,0.08012974496119037,False
