language,task,auc_acc_vs_budget
en,xnli,0.8266666666666667
zh,xnli,0.7833333333333333
